team,elo,rank
Spain,2217.5535550426907,1
Argentina,2188.7945590437307,2
France,2123.5473189470126,3
England,2084.775725660573,4
Brazil,2067.7686667529533,5
Colombia,2062.6629412382963,6
Portugal,2041.206462025048,7
Ecuador,2026.573889919021,8
Netherlands,2009.3526088126807,9
Germany,2003.2522990910793,10
Japan,1992.3948615743736,11
Morocco,1984.2701102826695,12
Mexico,1979.1007418066124,13
Uruguay,1974.3473616965698,14
Norway,1969.9786257210596,15
Croatia,1968.0284642321012,16
Turkey,1967.998803247722,17
Belgium,1955.4230044926553,18
Switzerland,1954.6385667992586,19
Italy,1927.1828636482946,20
Denmark,1927.124855221584,21
Paraguay,1917.3885353914284,22
Senegal,1913.0644757965717,23
Australia,1899.5972710606534,24
Canada,1898.086851742056,25
Iran,1895.9961773901346,26
Austria,1888.5987237721151,27
Nigeria,1885.6361755625214,28
South Korea,1879.9799828091411,29
Algeria,1872.6747746886776,30
Yugoslavia,1871.3525930706828,31
Panama,1853.9331514745159,32
Scotland,1842.8870470442366,33
Ukraine,1839.8853433159222,34
Russia,1839.3114680323483,35
United States,1825.9964113358426,36
Venezuela,1822.733282727705,37
Uzbekistan,1819.4522418184076,38
Ivory Coast,1814.2614940279207,39
Egypt,1809.8171921965181,40
Jersey,1803.2911171867286,41
Chile,1802.167120402903,42
Greece,1801.5922949829776,43
Czechoslovakia,1801.4618472549435,44
Czech Republic,1800.624070306236,45
Serbia,1800.4005823099023,46
Basque Country,1798.1497529524638,47
Jordan,1774.4541411578157,48
Peru,1770.8776864281704,49
Kosovo,1770.251164195718,50
Poland,1769.453551837573,51
Sweden,1769.135460222335,52
Hungary,1766.231394165434,53
DR Congo,1763.0128588145146,54
Republic of Ireland,1759.4482919710504,55
Costa Rica,1749.2953662627701,56
Guernsey,1744.791637664443,57
Wales,1741.6946536974326,58
Tunisia,1737.5963679984807,59
Iraq,1737.103601730601,60
Slovenia,1736.8492875587638,61
German DR,1730.5185360932664,62
Bolivia,1727.6298084533491,63
Occitania,1724.1993304372766,64
Cameroon,1723.7041732668736,65
Slovakia,1723.4736748550743,66
New Zealand,1718.776786579394,67
Northern Cyprus,1717.81443205257,68
Honduras,1710.918383024162,69
Iraqi Kurdistan,1710.041565761075,70
Georgia,1709.1553939562898,71
Isle of Man,1709.030423627398,72
Mali,1707.6697689457076,73
Haiti,1706.8903567884217,74
Padania,1706.6996927152552,75
Israel,1699.3443351421222,76
Romania,1699.1280736678334,77
Saudi Arabia,1692.1922785291156,78
Albania,1672.154354865469,79
United Arab Emirates,1664.2015428712516,80
South Africa,1662.8420992929,81
Northern Ireland,1660.9163710488863,82
Isle of Wight,1660.2170051088767,83
Jamaica,1658.6077167441154,84
Catalonia,1655.290925355906,85
Cape Verde,1653.0812656635992,86
Burkina Faso,1652.121107374808,87
Bosnia and Herzegovina,1650.256600539622,88
North Macedonia,1647.9634115510894,89
Guatemala,1647.4152841789717,90
Ynys Môn,1639.642840990788,91
Abkhazia,1637.4664627171853,92
County of Nice,1628.5225696511586,93
Iceland,1628.0226576823034,94
Ghana,1624.887397979432,95
Kárpátalja,1618.5867549224918,96
Curaçao,1606.188303960005,97
New Caledonia,1599.3350132686476,98
Finland,1597.7791567263987,99
Syria,1597.7441398509802,100
Kernow,1595.023276225605,101
Andalusia,1592.2637926644861,102
Rhodes,1591.7393035670511,103
Suriname,1590.9106858040307,104
Panjab,1590.5451471209378,105
Angola,1588.5066033396988,106
Palestine,1587.064863747209,107
Belarus,1583.4381160931464,108
Réunion,1582.447341104484,109
Tamil Eelam,1581.1085398119485,110
Guinea,1577.7677997635863,111
Chameria,1575.297704150867,112
Oman,1572.8323267605772,113
Kurdistan,1566.7995968580328,114
Artsakh,1566.7897700507594,115
Qatar,1565.1173805682636,116
Menorca,1564.226869804201,117
Zanzibar,1556.1951070717407,118
Arameans Suryoye,1556.0424644326376,119
Corsica,1555.62872846671,120
Ellan Vannin,1554.1786897280654,121
Yorkshire,1552.766798261512,122
China,1551.8050180501666,123
Zambia,1549.8173818463215,124
Quebec,1546.1898016367966,125
Cascadia,1544.5589134450213,126
Bahrain,1540.1251751202938,127
Benin,1538.9453447284461,128
Gambia,1538.6276849388694,129
Trinidad and Tobago,1537.2296621196047,130
Bulgaria,1536.3488585233347,131
Thailand,1533.2303940912802,132
Libya,1530.086371422338,133
Galicia,1530.0664443952228,134
Maule Sur,1528.345836909456,135
Western Armenia,1526.334971212298,136
Gabon,1521.2778051336488,137
Asturias,1520.5297736017358,138
Guadeloupe,1518.6201971534033,139
Montenegro,1516.318587453997,140
Surrey,1516.1670510615845,141
Biafra,1515.109289740152,142
Canary Islands,1514.9519908857021,143
Felvidék,1514.3765973084649,144
Parishes of Jersey,1513.7312485727941,145
Uganda,1512.6581606744612,146
Donetsk PR,1512.035481105258,147
Madagascar,1509.670550686835,148
Tahiti,1509.2294240975189,149
Mapuche,1508.4707999873015,150
Silesia,1506.690786983817,151
United Koreans in Japan,1506.1907375086973,152
Elba Island,1505.6669998818788,153
Kazakhstan,1505.4856331939918,154
Crimea,1504.7563719448374,155
Brittany,1504.168762028915,156
Nicaragua,1503.9465126289465,157
Indonesia,1503.0214869706633,158
Shetland,1501.0221812709767,159
Délvidék,1498.370303104046,160
Niger,1498.1504158294865,161
Central Spain,1495.317158400716,162
Togo,1495.2628504409265,163
Mozambique,1493.9872771109863,164
El Salvador,1493.9573002696638,165
Saugeais,1493.4948332914144,166
North Korea,1492.1329374890195,167
South Ossetia,1491.825435986227,168
Cilento,1491.3279372540528,169
Guyana,1491.02769111235,170
Luhansk PR,1490.435736984173,171
Madrid,1489.4748802294466,172
North Vietnam,1487.838144873023,173
Matabeleland,1486.5357678329412,174
Seborga,1486.4094479014773,175
Comoros,1485.3975158668204,176
Yoruba Nation,1483.7226176317267,177
Sealand,1483.0239609106334,178
Malaysia,1480.8311102173961,179
Republic of St. Pauli,1480.8138480838422,180
Martinique,1478.5554108456327,181
Zimbabwe,1475.1781839446635,182
Dominican Republic,1475.111802331878,183
Somaliland,1474.908270635579,184
Ryūkyū,1474.8687195709851,185
Sudan,1474.671373152699,186
Kuwait,1473.9603616029356,187
West Papua,1473.5655949123147,188
Åland Islands,1473.398308142368,189
Sápmi,1472.9381433778988,190
Székely Land,1472.074964855182,191
Kenya,1471.5912420193174,192
Franconia,1471.20654375646,193
Sierra Leone,1469.983725532459,194
Romani people,1469.821125916528,195
South Yemen,1468.748163649361,196
Vietnam,1467.615192236768,197
Greenland,1465.2368260951612,198
Aymara,1463.1833631032425,199
Provence,1461.0696697468027,200
Hmong,1460.05704853343,201
Luxembourg,1458.1857968972706,202
Kabylia,1456.6608878378509,203
Mayotte,1454.6337764227078,204
East Turkestan,1453.6933533009055,205
Papua New Guinea,1453.450565709564,206
Kyrgyzstan,1451.6847845059397,207
Chechnya,1451.2800007348665,208
Rwanda,1447.5345075922503,209
Saarland,1446.8454612327384,210
Mauritania,1444.087739162465,211
Equatorial Guinea,1443.8555756459655,212
Gotland,1443.739988860772,213
Vanuatu,1440.6780848692129,214
Faroe Islands,1440.597091132802,215
Lebanon,1440.4305295486179,216
Malawi,1437.2588929281942,217
Liberia,1436.6574089771543,218
Monaco,1436.6039668233796,219
Tajikistan,1436.3929643857875,220
Western Isles,1433.8079283278857,221
Manchukuo,1430.3536937259698,222
Găgăuzia,1429.4626882877128,223
Armenia,1427.2878746483382,224
Niue,1427.2376518254991,225
Namibia,1422.935552720276,226
Fiji,1422.8332609175518,227
Estonia,1422.8156527153862,228
Palau,1421.5366848649412,229
French Guiana,1420.7369022478633,230
Gozo,1420.5912199256022,231
Lesotho,1417.9483599423031,232
Tanzania,1417.6194142357033,233
Marshall Islands,1416.9334833823773,234
Vatican City,1416.0458176740724,235
Cuba,1413.380240810519,236
Saint Barthélemy,1412.6774620477254,237
Ticino,1405.946384761682,238
Orkney,1397.1337641771684,239
Western Sahara,1396.1540606545198,240
Western Australia,1395.4027735037796,241
Ethiopia,1391.8409997271767,242
Azerbaijan,1390.0194519889737,243
Burundi,1386.779804256958,244
Botswana,1386.6342153895762,245
Turkmenistan,1385.9925687385148,246
Two Sicilies,1384.3360858199696,247
Raetia,1378.4888865885555,248
Solomon Islands,1370.0636115618618,249
Cyprus,1369.5367502795946,250
Central African Republic,1361.4112587075356,251
Guinea-Bissau,1360.4913845762942,252
Barawa,1359.407438230145,253
Chagos Islands,1358.1242893378358,254
Yemen DPR,1354.7157037851034,255
Puerto Rico,1353.2358240860044,256
Saint Vincent and the Grenadines,1352.3855442547117,257
Malta,1348.7446309872396,258
Vietnam Republic,1346.9972386042298,259
Saint Helena,1344.304646034625,260
Hitra,1343.4011336543192,261
Saare County,1340.8164404989755,262
Philippines,1339.1636596455212,263
Bermuda,1335.980756045323,264
Lithuania,1332.710304432335,265
Latvia,1330.0650716416915,266
Congo,1329.0049943089625,267
Micronesia,1328.8371143325148,268
Sark,1327.7116880117576,269
Moldova,1322.002542914555,270
Eswatini,1315.5606732042384,271
Ambazonia,1312.136900676217,272
Hong Kong,1311.7220052780601,273
Saint Martin,1310.2846915479015,274
Yemen,1305.665741869828,275
Sint Maarten,1297.3467096482082,276
Wallis Islands and Futuna,1295.9021219655444,277
Singapore,1293.2346078338542,278
Saint Pierre and Miquelon,1287.4871192396413,279
Belize,1286.6168619917094,280
Grenada,1286.3082680213904,281
South Sudan,1269.9093246688885,282
Tibet,1266.6321869115302,283
Saint Kitts and Nevis,1263.4723803467957,284
Samoa,1248.9715324686413,285
Chad,1245.6792636845914,286
India,1236.09720592233,287
Kiribati,1234.3228482859183,288
Montserrat,1229.1552731114534,289
Tuvalu,1219.0016463370089,290
Saint Lucia,1215.1255799068779,291
Falkland Islands,1214.3740154078262,292
Mauritius,1207.3429016324721,293
Aruba,1206.8885044697606,294
Darfur,1201.8892289110058,295
Eritrea,1197.1745024830618,296
Afghanistan,1196.8324783294547,297
Frøya,1194.1309991750304,298
São Tomé and Príncipe,1180.713828462955,299
Dominica,1163.453729069154,300
Cook Islands,1146.5646620948257,301
Andorra,1142.0682820221684,302
Gibraltar,1135.7033809096552,303
Myanmar,1134.69694083639,304
Bangladesh,1131.2232344204454,305
Barbados,1121.769875146845,306
Bonaire,1115.6429296249455,307
Antigua and Barbuda,1103.2293186814647,308
Nepal,1102.2107955409135,309
Pakistan,1093.131692969152,310
Cambodia,1076.1031612303038,311
Alderney,1076.0423361918618,312
Djibouti,1074.4019499344374,313
Tonga,1072.3717387512697,314
Somalia,1059.834067963704,315
Taiwan,1058.226470866587,316
Cayman Islands,1029.4246379436922,317
British Virgin Islands,1022.2545449563777,318
Sri Lanka,1011.2970664482223,319
Seychelles,1010.2900887946075,320
Maldives,996.4011360721319,321
Mongolia,980.4480030145037,322
Turks and Caicos Islands,975.9361294074615,323
Guam,975.242595942745,324
Liechtenstein,973.5577503035837,325
Northern Mariana Islands,968.6894665634818,326
United States Virgin Islands,965.3956602024593,327
Bahamas,944.4542546593359,328
Laos,937.6242242531818,329
American Samoa,931.2489299479479,330
San Marino,907.1284412645782,331
Timor-Leste,904.3296386116747,332
Anguilla,891.8506826178894,333
Brunei,889.8273932294188,334
Bhutan,859.1534863648991,335
Macau,837.953492601975,336
